Feature,Importance
barometer,0.4226710703143148
month,0.207707879216182
humidity,0.16992577515014873
hour,0.1335026623281381
day,0.030669764752719857
wind,0.01563150850971932
year,0.012214933649330434
visibility,0.007537735331788001
minute,0.00013867074765884458
